feature,importance
amt_min,148
mean_amt_bank_otkazmasi,143
mean_amt_naqd,92
sum_amt_naqd,71
mean_amt_karta,55
last_txn_zscore,54
n_chiqim,49
weekend_share,47
night_share,45
kirim_share,44
sum_amt_karta,44
spike_ratio_3d,41
share_txn_last_3d,40
amt_max,40
amt_iqr,36
share_txn_last_7d,31
amt_q25,31
chiqim_sum,30
share_txn_last_14d,29
last_txn_amt,27
amt_std,26
layering_share,24
sum_amt_bank_otkazmasi,23
n_unique_days,23
kirim_sum,23
share_naqd,22
share_bank_otkazmasi,22
sum_amt_xalqaro,20
burst_share,20
n_txn,19
amt_range,19
turnover,18
n_txn_last_14d,16
net_flow,16
share_xalqaro,16
gap_std_hours,16
history_span_days,15
amt_median,15
amt_mean,14
n_txn_last_7d,14
share_karta,14
days_since_first_txn,13
days_since_last_txn,13
gap_mean_hours,12
txn_velocity,12
amt_q75,10
max_txn_per_day,10
kirim_chiqim_ratio,7
mean_amt_xalqaro,7
n_kirim,7
amt_cv,7
net_flow_ratio,7
avg_gap_days,6
n_txn_last_3d,5
layering_days,5
gap_min_hours,2
n_unique_hours,0
